{
  "engine": "qwen3.5-9b",
  "tag": "qwen3.5-9b-c001",
  "concurrency": 1,
  "requests_ok": 10,
  "requests_failed": 0,
  "completion_tokens_total": 2560,
  "makespan_s": 35.72026570199523,
  "output_tokens_per_s": 71.66799993475429,
  "output_tokens_per_min": 4300.079996085257,
  "server_generated_tokens_delta": 2560.0,
  "prompt_tokens_example": 236,
  "ttft_s": {
    "p50": null,
    "p90": null,
    "p95": null,
    "p99": null,
    "max": null
  },
  "latency_s": {
    "p50": 3.5912705489899963,
    "p90": 3.6040390389971435,
    "p95": 3.6040390389971435,
    "p99": 3.6040390389971435,
    "max": 3.6040390389971435
  },
  "vram_ready_mib": 10942,
  "vram_idle_mib": 10950,
  "telemetry": {
    "gpu_util_pct": {
      "median": 95.0,
      "p95": 96.0,
      "peak": 96.0,
      "min": 3.0,
      "samples": 38
    },
    "mem_controller_util_pct_proxy": {
      "median": 72.5,
      "p95": 75.0,
      "peak": 81.0,
      "min": 0.0,
      "samples": 38
    },
    "power_w": {
      "median": 225.29500000000002,
      "p95": 228.79,
      "peak": 235.47,
      "min": 83.47,
      "samples": 38
    },
    "sm_clock_mhz": {
      "median": 1545.0,
      "p95": 1695.0,
      "peak": 1830.0,
      "min": 1425.0,
      "samples": 38
    },
    "mem_used_mib": {
      "median": 10950.0,
      "p95": 10950.0,
      "peak": 10950.0,
      "min": 10950.0,
      "samples": 38
    },
    "temperature_c": {
      "median": 77.0,
      "p95": 79.0,
      "peak": 79.0,
      "min": 67.0,
      "samples": 38
    },
    "cpu_system_pct": {
      "median": 6.8,
      "p95": 7.4,
      "peak": 7.6,
      "samples": 37
    },
    "cpu_server_proc_pct": null
  },
  "failures_sample": []
}