{
  "engine": "qwen3.5-9b",
  "tag": "qwen3.5-9b-c064",
  "concurrency": 64,
  "requests_ok": 640,
  "requests_failed": 0,
  "completion_tokens_total": 163840,
  "makespan_s": 542.9484805240063,
  "output_tokens_per_s": 301.75975415176777,
  "output_tokens_per_min": 18105.585249106065,
  "server_generated_tokens_delta": 163840.0,
  "prompt_tokens_example": 247,
  "ttft_s": {
    "p50": null,
    "p90": null,
    "p95": null,
    "p99": null,
    "max": null
  },
  "latency_s": {
    "p50": 54.30412588501349,
    "p90": 58.616128565976396,
    "p95": 61.929475759970956,
    "p99": 69.83324551407713,
    "max": 71.37227301904932
  },
  "vram_ready_mib": 10952,
  "vram_idle_mib": 10952,
  "telemetry": {
    "gpu_util_pct": {
      "median": 54.0,
      "p95": 99.0,
      "peak": 100.0,
      "min": 0.0,
      "samples": 545
    },
    "mem_controller_util_pct_proxy": {
      "median": 34.0,
      "p95": 66.0,
      "peak": 73.0,
      "min": 0.0,
      "samples": 545
    },
    "power_w": {
      "median": 174.46,
      "p95": 230.08,
      "peak": 238.85,
      "min": 83.21,
      "samples": 545
    },
    "sm_clock_mhz": {
      "median": 1650.0,
      "p95": 1860.0,
      "peak": 1875.0,
      "min": 1380.0,
      "samples": 545
    },
    "mem_used_mib": {
      "median": 10952.0,
      "p95": 10952.0,
      "peak": 10952.0,
      "min": 10952.0,
      "samples": 545
    },
    "temperature_c": {
      "median": 74.0,
      "p95": 76.0,
      "peak": 77.0,
      "min": 67.0,
      "samples": 545
    },
    "cpu_system_pct": {
      "median": 11.75,
      "p95": 13.5,
      "peak": 39.4,
      "samples": 544
    },
    "cpu_server_proc_pct": null
  },
  "failures_sample": []
}