{
  "engine": "qwen3-4b",
  "tag": "qwen3-4b-c032",
  "concurrency": 32,
  "requests_ok": 320,
  "requests_failed": 0,
  "completion_tokens_total": 81920,
  "makespan_s": 144.10784674889874,
  "output_tokens_per_s": 568.4631465123604,
  "output_tokens_per_min": 34107.78879074162,
  "server_generated_tokens_delta": 81920.0,
  "prompt_tokens_example": 244,
  "ttft_s": {
    "p50": 2.085832654964179,
    "p90": 2.8346608789870515,
    "p95": 3.784978533978574,
    "p99": 4.282915899995714,
    "max": 4.307139119016938
  },
  "latency_s": {
    "p50": 14.299967644037679,
    "p90": 16.49247997708153,
    "p95": 17.080418437952176,
    "p99": 17.620583028998226,
    "max": 17.65284969692584
  },
  "vram_ready_mib": 12218,
  "vram_idle_mib": 12218,
  "telemetry": {
    "gpu_util_pct": {
      "median": 58.5,
      "p95": 99.0,
      "peak": 100.0,
      "min": 4.0,
      "samples": 146
    },
    "mem_controller_util_pct_proxy": {
      "median": 29.5,
      "p95": 37.0,
      "peak": 40.0,
      "min": 0.0,
      "samples": 146
    },
    "power_w": {
      "median": 190.47,
      "p95": 217.27,
      "peak": 245.41,
      "min": 84.53,
      "samples": 146
    },
    "sm_clock_mhz": {
      "median": 1830.0,
      "p95": 1875.0,
      "peak": 1875.0,
      "min": 1560.0,
      "samples": 146
    },
    "mem_used_mib": {
      "median": 12218.0,
      "p95": 12218.0,
      "peak": 12218.0,
      "min": 12218.0,
      "samples": 146
    },
    "temperature_c": {
      "median": 75.0,
      "p95": 76.0,
      "peak": 76.0,
      "min": 68.0,
      "samples": 146
    },
    "cpu_system_pct": {
      "median": 10.350000000000001,
      "p95": 12.4,
      "peak": 15.6,
      "samples": 146
    },
    "cpu_server_proc_pct": null
  },
  "failures_sample": []
}