{
  "engine": "gemma-4-e2b",
  "tag": "gemma-4-e2b-c064",
  "concurrency": 64,
  "requests_ok": 640,
  "requests_failed": 0,
  "completion_tokens_total": 163840,
  "makespan_s": 252.04710236890242,
  "output_tokens_per_s": 650.0372289946016,
  "output_tokens_per_min": 39002.2337396761,
  "server_generated_tokens_delta": 163840.0,
  "prompt_tokens_example": 248,
  "ttft_s": {
    "p50": null,
    "p90": null,
    "p95": null,
    "p99": null,
    "max": null
  },
  "latency_s": {
    "p50": 24.88839887501672,
    "p90": 26.520660253008828,
    "p95": 26.798172705923207,
    "p99": 27.61433685699012,
    "max": 28.060706897987984
  },
  "vram_ready_mib": 3252,
  "vram_idle_mib": 3252,
  "telemetry": {
    "gpu_util_pct": {
      "median": 25.0,
      "p95": 86.0,
      "peak": 99.0,
      "min": 0.0,
      "samples": 254
    },
    "mem_controller_util_pct_proxy": {
      "median": 8.0,
      "p95": 33.0,
      "peak": 40.0,
      "min": 0.0,
      "samples": 254
    },
    "power_w": {
      "median": 102.725,
      "p95": 219.08,
      "peak": 243.23,
      "min": 77.74,
      "samples": 254
    },
    "sm_clock_mhz": {
      "median": 1695.0,
      "p95": 1875.0,
      "peak": 1875.0,
      "min": 1575.0,
      "samples": 254
    },
    "mem_used_mib": {
      "median": 3252.0,
      "p95": 3252.0,
      "peak": 3284.0,
      "min": 3252.0,
      "samples": 254
    },
    "temperature_c": {
      "median": 64.0,
      "p95": 68.0,
      "peak": 69.0,
      "min": 61.0,
      "samples": 254
    },
    "cpu_system_pct": {
      "median": 15.7,
      "p95": 17.4,
      "peak": 86.3,
      "samples": 253
    },
    "cpu_server_proc_pct": null
  },
  "failures_sample": []
}