{
  "engine": "qwen3-4b",
  "tag": "qwen3-4b-c064",
  "concurrency": 64,
  "requests_ok": 640,
  "requests_failed": 0,
  "completion_tokens_total": 163840,
  "makespan_s": 256.565880047041,
  "output_tokens_per_s": 638.5884201358348,
  "output_tokens_per_min": 38315.30520815009,
  "server_generated_tokens_delta": 163840.0,
  "prompt_tokens_example": 232,
  "ttft_s": {
    "p50": 1.625756370020099,
    "p90": 7.318330897018313,
    "p95": 8.885607701027766,
    "p99": 10.373332881950773,
    "max": 10.751828191918321
  },
  "latency_s": {
    "p50": 25.143352980026975,
    "p90": 27.971973785897717,
    "p95": 31.406111602089368,
    "p99": 35.69992288690992,
    "max": 36.251290893997066
  },
  "vram_ready_mib": 12218,
  "vram_idle_mib": 12218,
  "telemetry": {
    "gpu_util_pct": {
      "median": 44.0,
      "p95": 100.0,
      "peak": 100.0,
      "min": 3.0,
      "samples": 259
    },
    "mem_controller_util_pct_proxy": {
      "median": 23.0,
      "p95": 37.0,
      "peak": 41.0,
      "min": 0.0,
      "samples": 259
    },
    "power_w": {
      "median": 165.39,
      "p95": 222.01,
      "peak": 253.03,
      "min": 81.94,
      "samples": 259
    },
    "sm_clock_mhz": {
      "median": 1830.0,
      "p95": 1875.0,
      "peak": 1875.0,
      "min": 1575.0,
      "samples": 259
    },
    "mem_used_mib": {
      "median": 12218.0,
      "p95": 12218.0,
      "peak": 12218.0,
      "min": 12218.0,
      "samples": 259
    },
    "temperature_c": {
      "median": 72.0,
      "p95": 74.0,
      "peak": 75.0,
      "min": 65.0,
      "samples": 259
    },
    "cpu_system_pct": {
      "median": 17.85,
      "p95": 20.8,
      "peak": 23.1,
      "samples": 258
    },
    "cpu_server_proc_pct": null
  },
  "failures_sample": []
}