{
  "engine": "qwen3-4b",
  "tag": "qwen3-4b-c008",
  "concurrency": 8,
  "requests_ok": 80,
  "requests_failed": 0,
  "completion_tokens_total": 20480,
  "makespan_s": 68.54449259594548,
  "output_tokens_per_s": 298.7840339080929,
  "output_tokens_per_min": 17927.042034485574,
  "server_generated_tokens_delta": 20480.0,
  "prompt_tokens_example": 243,
  "ttft_s": {
    "p50": 1.0268123969435692,
    "p90": 1.0486216699937358,
    "p95": 1.054973556078039,
    "p99": 1.0652156040305272,
    "max": 1.0652156040305272
  },
  "latency_s": {
    "p50": 6.962554874015041,
    "p90": 6.990699534071609,
    "p95": 7.00016080995556,
    "p99": 7.004987500957213,
    "max": 7.004987500957213
  },
  "vram_ready_mib": 12214,
  "vram_idle_mib": 12218,
  "telemetry": {
    "gpu_util_pct": {
      "median": 84.0,
      "p95": 85.0,
      "peak": 100.0,
      "min": 3.0,
      "samples": 71
    },
    "mem_controller_util_pct_proxy": {
      "median": 26.0,
      "p95": 27.0,
      "peak": 36.0,
      "min": 0.0,
      "samples": 71
    },
    "power_w": {
      "median": 224.14,
      "p95": 229.22,
      "peak": 231.54,
      "min": 84.1,
      "samples": 71
    },
    "sm_clock_mhz": {
      "median": 1650.0,
      "p95": 1860.0,
      "peak": 1860.0,
      "min": 1590.0,
      "samples": 71
    },
    "mem_used_mib": {
      "median": 12218.0,
      "p95": 12218.0,
      "peak": 12218.0,
      "min": 12218.0,
      "samples": 71
    },
    "temperature_c": {
      "median": 78.0,
      "p95": 80.0,
      "peak": 80.0,
      "min": 69.0,
      "samples": 71
    },
    "cpu_system_pct": {
      "median": 7.6,
      "p95": 9.3,
      "peak": 10.4,
      "samples": 70
    },
    "cpu_server_proc_pct": null
  },
  "failures_sample": []
}