{
  "engine": "gemma-4-e2b",
  "tag": "gemma-4-e2b-c016",
  "concurrency": 16,
  "requests_ok": 160,
  "requests_failed": 0,
  "completion_tokens_total": 40960,
  "makespan_s": 76.33624864707235,
  "output_tokens_per_s": 536.5733937145849,
  "output_tokens_per_min": 32194.403622875092,
  "server_generated_tokens_delta": 40960.0,
  "prompt_tokens_example": 241,
  "ttft_s": {
    "p50": null,
    "p90": null,
    "p95": null,
    "p99": null,
    "max": null
  },
  "latency_s": {
    "p50": 7.636469890945591,
    "p90": 7.756692896015011,
    "p95": 7.7828850109362975,
    "p99": 7.800302017014474,
    "max": 7.800769769935869
  },
  "vram_ready_mib": 3250,
  "vram_idle_mib": 3250,
  "telemetry": {
    "gpu_util_pct": {
      "median": 44.0,
      "p95": 87.0,
      "peak": 99.0,
      "min": 0.0,
      "samples": 79
    },
    "mem_controller_util_pct_proxy": {
      "median": 15.0,
      "p95": 32.0,
      "peak": 37.0,
      "min": 0.0,
      "samples": 79
    },
    "power_w": {
      "median": 159.94,
      "p95": 216.95,
      "peak": 226.61,
      "min": 85.88,
      "samples": 79
    },
    "sm_clock_mhz": {
      "median": 1875.0,
      "p95": 1875.0,
      "peak": 1875.0,
      "min": 1635.0,
      "samples": 79
    },
    "mem_used_mib": {
      "median": 3250.0,
      "p95": 3250.0,
      "peak": 3250.0,
      "min": 3250.0,
      "samples": 79
    },
    "temperature_c": {
      "median": 71.0,
      "p95": 73.0,
      "peak": 74.0,
      "min": 68.0,
      "samples": 79
    },
    "cpu_system_pct": {
      "median": 8.0,
      "p95": 9.2,
      "peak": 11.9,
      "samples": 78
    },
    "cpu_server_proc_pct": null
  },
  "failures_sample": []
}