{
  "bench_version": "1.0",
  "tag": "c100",
  "concurrency": 100,
  "ctx_size": 76800,
  "ctx_per_slot": 768,
  "warmup_per_worker": 2,
  "measured_per_worker": 20,
  "requests_ok": 2000,
  "requests_failed": 0,
  "completion_tokens_total": 512000,
  "prompt_tokens_example": 239,
  "makespan_s": 668.8923410890275,
  "wall_phase_s": 668.9235774279805,
  "output_tokens_per_s": 765.4445544501375,
  "output_tokens_per_min": 45926.67326700825,
  "server_predicted_tokens_delta": 512000.0,
  "ttft_s": {
    "p50": 0.6467388239689171,
    "p90": 1.0802072979859076,
    "p95": 1.1362969090114348,
    "p99": 5.185398209025152,
    "max": 6.311922819004394,
    "mean": 0.7987752219015383
  },
  "latency_s": {
    "p50": 33.26435689104255,
    "p90": 34.329262551967986,
    "p95": 34.538135376002174,
    "p99": 37.89123092300724,
    "max": 39.12818110297667,
    "mean": 33.396901703590586
  },
  "server_props": {
    "total_slots": 100,
    "n_ctx": 768
  },
  "server_startup_line": "0.01.724.761 I srv    load_model: initializing, n_slots = 100, n_ctx_slot = 768, kv_unified = 'false'",
  "telemetry": {
    "gpu_util_pct": {
      "median": 41.0,
      "p95": 99.0,
      "peak": 100.0,
      "min": 0.0,
      "samples": 671
    },
    "mem_controller_util_pct_proxy": {
      "median": 24.0,
      "p95": 41.0,
      "peak": 48.0,
      "min": 0.0,
      "samples": 671
    },
    "power_w": {
      "median": 157.15,
      "p95": 230.72,
      "peak": 259.42,
      "min": 93.73,
      "samples": 671
    },
    "sm_clock_mhz": {
      "median": 1755.0,
      "p95": 1815.0,
      "peak": 1860.0,
      "min": 1470.0,
      "samples": 671
    },
    "mem_used_mib": {
      "median": 14300.0,
      "p95": 14550.0,
      "peak": 14550.0,
      "min": 14300.0,
      "samples": 671
    },
    "temperature_c": {
      "median": 71.0,
      "p95": 74.0,
      "peak": 76.0,
      "min": 66.0,
      "samples": 671
    }
  },
  "failures_sample": [],
  "ok": true
}