{
  "engine": "llamacpp-bf16",
  "tag": "llamacpp-bf16-c032",
  "concurrency": 32,
  "requests_ok": 320,
  "requests_failed": 0,
  "completion_tokens_total": 81920,
  "makespan_s": 305.61338164599147,
  "output_tokens_per_s": 268.05108977489857,
  "output_tokens_per_min": 16083.065386493914,
  "server_generated_tokens_delta": 81920.0,
  "prompt_tokens_example": 241,
  "ttft_s": {
    "p50": 0.9030058520147577,
    "p90": 1.0802535549737513,
    "p95": 1.3246981179108843,
    "p99": 2.1372795790666714,
    "max": 2.16246649203822
  },
  "latency_s": {
    "p50": 29.86649695399683,
    "p90": 38.13969331199769,
    "p95": 38.22424943302758,
    "p99": 38.308303767000325,
    "max": 38.33064741292037
  },
  "vram_ready_mib": 19156,
  "vram_idle_mib": 19156,
  "telemetry": {
    "gpu_util_pct": {
      "median": 80.0,
      "p95": 98.0,
      "peak": 100.0,
      "min": 0.0,
      "samples": 308
    },
    "mem_controller_util_pct_proxy": {
      "median": 77.0,
      "p95": 91.0,
      "peak": 97.0,
      "min": 0.0,
      "samples": 308
    },
    "power_w": {
      "median": 213.985,
      "p95": 233.39,
      "peak": 243.68,
      "min": 89.67,
      "samples": 308
    },
    "sm_clock_mhz": {
      "median": 1680.0,
      "p95": 1785.0,
      "peak": 1845.0,
      "min": 1425.0,
      "samples": 308
    },
    "mem_used_mib": {
      "median": 19154.0,
      "p95": 19156.0,
      "peak": 19156.0,
      "min": 19154.0,
      "samples": 308
    },
    "temperature_c": {
      "median": 80.0,
      "p95": 81.0,
      "peak": 81.0,
      "min": 73.0,
      "samples": 308
    },
    "cpu_system_pct": {
      "median": 8.2,
      "p95": 12.1,
      "peak": 43.6,
      "samples": 307
    },
    "cpu_server_proc_pct": null
  },
  "failures_sample": []
}