{
  "engine": "sglang-bf16",
  "tag": "sglang-bf16-c008",
  "concurrency": 8,
  "requests_ok": 80,
  "requests_failed": 0,
  "completion_tokens_total": 20480,
  "makespan_s": 79.3496479310561,
  "output_tokens_per_s": 258.0981835961553,
  "output_tokens_per_min": 15485.891015769319,
  "server_generated_tokens_delta": null,
  "prompt_tokens_example": 251,
  "ttft_s": {
    "p50": 0.29249114997219294,
    "p90": 0.31030154100153595,
    "p95": 0.31737259798683226,
    "p99": 0.3250818159431219,
    "max": 0.3250818159431219
  },
  "latency_s": {
    "p50": 7.932943551102653,
    "p90": 7.972351672011428,
    "p95": 7.988099277950823,
    "p99": 7.996446358971298,
    "max": 7.996446358971298
  },
  "vram_ready_mib": 21138,
  "vram_idle_mib": 21282,
  "telemetry": {
    "gpu_util_pct": {
      "median": 49.0,
      "p95": 92.0,
      "peak": 100.0,
      "min": 0.0,
      "samples": 82
    },
    "mem_controller_util_pct_proxy": {
      "median": 49.0,
      "p95": 51.0,
      "peak": 52.0,
      "min": 0.0,
      "samples": 82
    },
    "power_w": {
      "median": 213.585,
      "p95": 223.27,
      "peak": 237.08,
      "min": 89.62,
      "samples": 82
    },
    "sm_clock_mhz": {
      "median": 1860.0,
      "p95": 1860.0,
      "peak": 1860.0,
      "min": 1425.0,
      "samples": 82
    },
    "mem_used_mib": {
      "median": 21314.0,
      "p95": 21314.0,
      "peak": 21314.0,
      "min": 21282.0,
      "samples": 82
    },
    "temperature_c": {
      "median": 80.0,
      "p95": 80.0,
      "peak": 80.0,
      "min": 73.0,
      "samples": 82
    },
    "cpu_system_pct": {
      "median": 7.0,
      "p95": 7.8,
      "peak": 10.1,
      "samples": 81
    },
    "cpu_server_proc_pct": null
  },
  "failures_sample": []
}