{
  "bench_version": "1.1",
  "tag": "c032b",
  "concurrency": 32,
  "ctx_size": 24576,
  "ctx_per_slot": 768,
  "warmup_per_worker": 2,
  "measured_per_worker": 10,
  "requests_ok": 320,
  "requests_failed": 0,
  "completion_tokens_total": 81920,
  "prompt_tokens_example": 248,
  "makespan_s": 110.09490656899288,
  "wall_phase_s": 110.10694432095625,
  "output_tokens_per_s": 744.0852856227586,
  "output_tokens_per_min": 44645.117137365516,
  "server_predicted_tokens_delta": 81920.0,
  "ttft_s": {
    "p50": 0.9012815119931474,
    "p90": 0.9494157420704141,
    "p95": 1.3102150349877775,
    "p99": 1.8587682630168274,
    "max": 1.9273370569571853,
    "mean": 0.833479242624162
  },
  "latency_s": {
    "p50": 10.999380280030891,
    "p90": 11.247339167050086,
    "p95": 11.455054048099555,
    "p99": 11.942842370015569,
    "max": 11.991528108948842,
    "mean": 11.000598627958244
  },
  "server_props": {
    "total_slots": 32,
    "n_ctx": 768
  },
  "server_startup_line": "0.01.826.098 I srv    load_model: initializing, n_slots = 32, n_ctx_slot = 768, kv_unified = 'false'",
  "vram_ready_mib": 6932,
  "vram_idle_mib": 6942,
  "telemetry": {
    "gpu_util_pct": {
      "median": 53.0,
      "p95": 99.0,
      "peak": 99.0,
      "min": 0.0,
      "samples": 112
    },
    "mem_controller_util_pct_proxy": {
      "median": 33.0,
      "p95": 42.0,
      "peak": 46.0,
      "min": 0.0,
      "samples": 112
    },
    "power_w": {
      "median": 196.065,
      "p95": 223.56,
      "peak": 228.96,
      "min": 83.13,
      "samples": 112
    },
    "sm_clock_mhz": {
      "median": 1785.0,
      "p95": 1845.0,
      "peak": 1860.0,
      "min": 1455.0,
      "samples": 112
    },
    "mem_used_mib": {
      "median": 6942.0,
      "p95": 6942.0,
      "peak": 6942.0,
      "min": 6942.0,
      "samples": 112
    },
    "temperature_c": {
      "median": 77.0,
      "p95": 78.0,
      "peak": 79.0,
      "min": 69.0,
      "samples": 112
    },
    "cpu_system_pct": {
      "median": 8.4,
      "p95": 10.0,
      "peak": 12.8,
      "samples": 111
    },
    "cpu_server_proc_pct": {
      "median": 7.17,
      "p95": 7.345000000000001,
      "peak": 7.495,
      "samples": 111
    }
  },
  "failures_sample": [],
  "ok": true
}