{
  "bench_version": "1.1",
  "tag": "c008",
  "concurrency": 8,
  "ctx_size": 6144,
  "ctx_per_slot": 768,
  "warmup_per_worker": 2,
  "measured_per_worker": 20,
  "requests_ok": 160,
  "requests_failed": 0,
  "completion_tokens_total": 40960,
  "prompt_tokens_example": 248,
  "makespan_s": 109.10450399306137,
  "wall_phase_s": 109.10740222304594,
  "output_tokens_per_s": 375.4198818648669,
  "output_tokens_per_min": 22525.192911892016,
  "server_predicted_tokens_delta": 40960.0,
  "ttft_s": {
    "p50": 0.4423039850080386,
    "p90": 0.46917464293073863,
    "p95": 0.48220988002140075,
    "p99": 0.504534223000519,
    "max": 0.5084946729475632,
    "mean": 0.3994109750259668
  },
  "latency_s": {
    "p50": 5.454253467032686,
    "p90": 5.4763915239600465,
    "p95": 5.484688438940793,
    "p99": 5.494053615024313,
    "max": 5.495289342012256,
    "mean": 5.4545935597467174
  },
  "server_props": {
    "total_slots": 8,
    "n_ctx": 768
  },
  "server_startup_line": "0.01.843.035 I srv    load_model: initializing, n_slots = 8, n_ctx_slot = 768, kv_unified = 'false'",
  "vram_ready_mib": 4340,
  "vram_idle_mib": 4348,
  "telemetry": {
    "gpu_util_pct": {
      "median": 80.0,
      "p95": 94.0,
      "peak": 100.0,
      "min": 0.0,
      "samples": 111
    },
    "mem_controller_util_pct_proxy": {
      "median": 36.0,
      "p95": 38.0,
      "peak": 42.0,
      "min": 0.0,
      "samples": 111
    },
    "power_w": {
      "median": 228.41,
      "p95": 233.24,
      "peak": 235.95,
      "min": 110.68,
      "samples": 111
    },
    "sm_clock_mhz": {
      "median": 1515.0,
      "p95": 1560.0,
      "peak": 1860.0,
      "min": 1440.0,
      "samples": 111
    },
    "mem_used_mib": {
      "median": 4350.0,
      "p95": 4350.0,
      "peak": 4350.0,
      "min": 4348.0,
      "samples": 111
    },
    "temperature_c": {
      "median": 81.0,
      "p95": 81.0,
      "peak": 81.0,
      "min": 74.0,
      "samples": 111
    },
    "cpu_system_pct": {
      "median": 4.8,
      "p95": 5.4,
      "peak": 8.9,
      "samples": 111
    },
    "cpu_server_proc_pct": {
      "median": 2.7975000000000003,
      "p95": 3.0975,
      "peak": 3.1475,
      "samples": 111
    }
  },
  "failures_sample": [],
  "ok": true
}