{
  "bench_version": "1.1",
  "tag": "c032",
  "concurrency": 32,
  "ctx_size": 24576,
  "ctx_per_slot": 768,
  "warmup_per_worker": 2,
  "measured_per_worker": 10,
  "requests_ok": 320,
  "requests_failed": 0,
  "completion_tokens_total": 81920,
  "prompt_tokens_example": 251,
  "makespan_s": 109.44268802704755,
  "wall_phase_s": 109.45417968498077,
  "output_tokens_per_s": 748.519626818325,
  "output_tokens_per_min": 44911.177609099504,
  "server_predicted_tokens_delta": 81920.0,
  "ttft_s": {
    "p50": 0.8918079549912363,
    "p90": 0.9424356310628355,
    "p95": 1.347988777095452,
    "p99": 1.8758444170234725,
    "max": 1.9120361540699378,
    "mean": 0.8075812682323885
  },
  "latency_s": {
    "p50": 10.936529099009931,
    "p90": 10.994530286989175,
    "p95": 11.294411696027964,
    "p99": 11.782492249039933,
    "max": 11.83278043300379,
    "mean": 10.933889311678286
  },
  "server_props": {
    "total_slots": 32,
    "n_ctx": 768
  },
  "server_startup_line": "0.01.699.661 I srv    load_model: initializing, n_slots = 32, n_ctx_slot = 768, kv_unified = 'false'",
  "vram_ready_mib": 6932,
  "vram_idle_mib": 6942,
  "telemetry": {
    "gpu_util_pct": {
      "median": 50.0,
      "p95": 92.0,
      "peak": 100.0,
      "min": 0.0,
      "samples": 112
    },
    "mem_controller_util_pct_proxy": {
      "median": 32.0,
      "p95": 38.0,
      "peak": 44.0,
      "min": 0.0,
      "samples": 112
    },
    "power_w": {
      "median": 192.535,
      "p95": 230.35,
      "peak": 236.13,
      "min": 83.49,
      "samples": 112
    },
    "sm_clock_mhz": {
      "median": 1785.0,
      "p95": 1845.0,
      "peak": 1860.0,
      "min": 1470.0,
      "samples": 112
    },
    "mem_used_mib": {
      "median": 6942.0,
      "p95": 6942.0,
      "peak": 6942.0,
      "min": 6942.0,
      "samples": 112
    },
    "temperature_c": {
      "median": 75.0,
      "p95": 76.0,
      "peak": 77.0,
      "min": 69.0,
      "samples": 112
    },
    "cpu_system_pct": {
      "median": 8.8,
      "p95": 10.0,
      "peak": 12.7,
      "samples": 111
    },
    "cpu_server_proc_pct": {
      "median": 7.220000000000001,
      "p95": 7.37,
      "peak": 7.57,
      "samples": 111
    }
  },
  "failures_sample": [],
  "ok": true
}