{
  "bench_version": "1.1",
  "tag": "c048",
  "concurrency": 48,
  "ctx_size": 36864,
  "ctx_per_slot": 768,
  "warmup_per_worker": 2,
  "measured_per_worker": 10,
  "requests_ok": 480,
  "requests_failed": 0,
  "completion_tokens_total": 122880,
  "prompt_tokens_example": 244,
  "makespan_s": 155.7490166190546,
  "wall_phase_s": 155.76657907199115,
  "output_tokens_per_s": 788.961642695641,
  "output_tokens_per_min": 47337.698561738456,
  "server_predicted_tokens_delta": 122880.0,
  "ttft_s": {
    "p50": 0.932662645005621,
    "p90": 0.9872559290379286,
    "p95": 1.574056245968677,
    "p99": 2.789376526954584,
    "max": 2.9313727400731295,
    "mean": 0.8749053853386916
  },
  "latency_s": {
    "p50": 15.53602899692487,
    "p90": 15.838027125922963,
    "p95": 16.3183828080073,
    "p99": 17.69169188197702,
    "max": 17.823142646928318,
    "mean": 15.557697028382487
  },
  "server_props": {
    "total_slots": 48,
    "n_ctx": 768
  },
  "server_startup_line": "0.01.820.504 I srv    load_model: initializing, n_slots = 48, n_ctx_slot = 768, kv_unified = 'false'",
  "vram_ready_mib": 8664,
  "vram_idle_mib": 8674,
  "telemetry": {
    "gpu_util_pct": {
      "median": 44.0,
      "p95": 99.0,
      "peak": 100.0,
      "min": 0.0,
      "samples": 158
    },
    "mem_controller_util_pct_proxy": {
      "median": 28.0,
      "p95": 39.0,
      "peak": 49.0,
      "min": 0.0,
      "samples": 158
    },
    "power_w": {
      "median": 177.85500000000002,
      "p95": 233.33,
      "peak": 256.42,
      "min": 95.13,
      "samples": 158
    },
    "sm_clock_mhz": {
      "median": 1785.0,
      "p95": 1845.0,
      "peak": 1875.0,
      "min": 1470.0,
      "samples": 158
    },
    "mem_used_mib": {
      "median": 8674.0,
      "p95": 8674.0,
      "peak": 8674.0,
      "min": 8674.0,
      "samples": 158
    },
    "temperature_c": {
      "median": 74.0,
      "p95": 76.0,
      "peak": 77.0,
      "min": 69.0,
      "samples": 158
    },
    "cpu_system_pct": {
      "median": 11.7,
      "p95": 12.9,
      "peak": 15.0,
      "samples": 157
    },
    "cpu_server_proc_pct": {
      "median": 10.442499999999999,
      "p95": 10.690000000000001,
      "peak": 10.7925,
      "samples": 157
    }
  },
  "failures_sample": [],
  "ok": true
}