Type,Name,Request Count,Failure Count,Median Response Time,Average Response Time,Min Response Time,Max Response Time,Average Content Size,Requests/s,Failures/s,50%,66%,75%,80%,90%,95%,98%,99%,99.9%,99.99%,100%
POST,convo-turn-1,66,0,9600,8162.535936254161,1500.4151400644332,12132.621051976457,0.0,0.21747299213163437,0.0,9600,10000,11000,11000,12000,12000,12000,12000,12000,12000,12000
POST,convo-turn-2,64,0,9400,8598.661106465443,1823.1262309709564,12349.175213021226,0.0,0.2108829014609788,0.0,9500,10000,11000,11000,11000,11000,12000,12000,12000,12000,12000
POST,convo-turn-3,63,0,9700,8504.757030865192,2038.4065819671378,11171.962580061518,0.0,0.207587856125651,0.0,9700,10000,11000,11000,11000,11000,11000,11000,11000,11000,11000
POST,convo-turn-4,60,0,10000,9378.04967147725,937.9398659802973,11808.572403970174,0.0,0.19770272011966764,0.0,10000,11000,11000,11000,11000,12000,12000,12000,12000,12000,12000
POST,convo-turn-5,60,0,10000,9090.628792492984,2176.627847016789,11813.949904986657,0.0,0.19770272011966764,0.0,10000,11000,11000,11000,11000,12000,12000,12000,12000,12000,12000
POST,convo-turn-6,58,0,10000,8961.544367125467,708.6772499606013,12100.016842014156,0.0,0.19111262944901203,0.0,10000,11000,11000,11000,12000,12000,12000,12000,12000,12000,12000
POST,convo-turn-7,54,0,11000,9185.500638609044,701.0809358907863,11934.08947903663,0.0,0.17793244810770087,0.0,11000,11000,11000,11000,12000,12000,12000,12000,12000,12000,12000
POST,convo-turn-8,48,0,9800,8197.513664934377,964.5928429672495,12337.269008974545,0.0,0.1581621760957341,0.0,9900,11000,11000,11000,12000,12000,12000,12000,12000,12000,12000
,Aggregated,473,0,9900,8757.355913497462,701.0809358907863,12349.175213021226,0.0,1.5585564436100465,0.0,9900,11000,11000,11000,11000,12000,12000,12000,12000,12000,12000
