Type,Name,Request Count,Failure Count,Median Response Time,Average Response Time,Min Response Time,Max Response Time,Average Content Size,Requests/s,Failures/s,50%,66%,75%,80%,90%,95%,98%,99%,99.9%,99.99%,100%
POST,short-chat,626,0,20000,17440.667482199337,4518.878135015257,22879.723516991362,0.0,2.8859642122382723,0.0,20000,20000,21000,21000,22000,22000,22000,23000,23000,23000,23000
,Aggregated,626,0,20000,17440.667482199337,4518.878135015257,22879.723516991362,0.0,2.8859642122382723,0.0,20000,20000,21000,21000,22000,22000,22000,23000,23000,23000,23000
