Type,Name,Request Count,Failure Count,Median Response Time,Average Response Time,Min Response Time,Max Response Time,Average Content Size,Requests/s,Failures/s,50%,66%,75%,80%,90%,95%,98%,99%,99.9%,99.99%,100%
POST,short-chat,421,0,7800,7117.7209480649035,2053.9087780052796,9743.198388023302,0.0,2.0735022903878453,0.0,7800,8300,8500,8600,8800,9100,9300,9400,9700,9700,9700
,Aggregated,421,0,7800,7117.7209480649035,2053.9087780052796,9743.198388023302,0.0,2.0735022903878453,0.0,7800,8300,8500,8600,8800,9100,9300,9400,9700,9700,9700
